Indicator type,Indicator
domain,juicessh.space
domain,juicessh.tech
domain,juicessh.fun
domain,sshd.run
domain,aridan.men
domain,jsoutput.com
domain,juicessh.fun
domain,juicessh.pro
domain,juicessh.space
domain,juicessh.tech
domain,muist.xyz
domain,sshd.run
domain,catalin.fun
domain,juicessh.fun
domain,chat.juicessh.pro
domain,frpc.juicessh.pro
domain,juice.psybnc.org
domain,juice.unable.download
domain,mail.juicessh.pro
domain,run.baselinux.net
domain,run.juicessh.pro
domain,run.psybnc.org
domain,sshd.baselinux.net
domain,sshd.psybnc.org
domain,juice.baselinux.net
domain,eugen.whitehat.at
domain,god.whitehat.ro
domain,irc.whitehat.ro
domain,irc.idarknet.biz
domain,juice.psbync.org
domain,run.psbync.org
domain,chat.juicessh.pro
domain,irc.mukles.org
domain,juice.baselinux.net
domain,juice.psbync.org
domain,juice.unable.download
domain,run.juicessh.pro
domain,run.psbync.org
domain,sshd.baselinux.net
domain,juice.baselinux.net
domain,download.c3bash.org
IPv4,144.76.203.54
IPv4,188.165.166.18
IPv4,45.13.116.116
IPv4,45.13.116.244
IPv4,54.37.202.163
IPv4,81.19.214.4
IPv4,194.163.141.243
IPv4,178.63.42.199
IPv4,51.178.52.25
IPv4,104.248.161.48
IPv4,139.59.23.204
IPv4,2.57.122.214
IPv4,165.227.214.182
IPv4,180.76.109.221
IPv4,138.68.3.72
IPv4,152.228.218.54
IPv4,185.51.10.152
IPv4,219.231.149.31
IPv4,23.227.196.125
IPv4,51.81.61.110
IPv4,82.76.255.62
IPv4,85.239.33.32
IPv4,89.44.9.246
IPv4,2.57.122.249
IPv4,80.83.124.150
IPv4,104.248.161.48
IPv4,144.76.203.54
IPv4,180.76.109.221
IPv4,193.233.202.219
IPv4,194.163.141.243
IPv4,23.227.196.125
IPv4,117.17.191.45
IPv4,138.68.3.72
IPv4,152.228.218.54
IPv4,165.227.214.182
IPv4,169.47.130.88
IPv4,178.63.42.199
IPv4,185.51.10.152
IPv4,2.57.122.214
IPv4,2.57.122.249
IPv4,219.231.149.31
IPv4,51.81.61.110
IPv4,82.76.255.62
IPv4,84.54.50.110
IPv4,85.239.33.32
IPv4,91.121.47.45
IPv4,91.208.206.118
IPv4,94.156.64.101
IPv4,46.101.183.162
IPv4,156.224.24.249
IPv4,104.244.76.105
IPv4,198.98.61.106
IPv4,199.195.250.172
IPv4,49.212.234.206
IPv4,80.68.196.6
IPv4,85.239.33.32
IPv4,46.101.183.162
IPv4,156.224.24.249
IPv4,104.244.76.105
IPv4,198.98.61.106
IPv4,85.239.33.32
IPv4,120.78.198.59
URL,166.62.42.255
URL,http://188.165.166.18/~adi/oss/2.txt
URL,http://198.98.61.106:8080
URL,http://49.212.234.206:3303
URL,http://juice.baselinux.net:6667
